<?xml version = "1.0" encoding = "utf-8"?>

<extension type = "module" version = "3.1.0" client = "site" method="upgrade">

   <name>Distributor List</name>
   <author>Jacob Luta</author>
   <version>0.0.1</version>
    
   <files>
      <filename>mod_distributor_list.xml</filename>
      <filename module = "mod_distributor_list">mod_distributor_list.php</filename>
      <filename>index.html</filename>
      <filename>helper.php</filename>
      <filename>tmpl/default.php</filename>
      <filename>tmpl/index.html</filename>
   </files>
    
   <config></config>
    
</extension>