<?xml version="1.0" encoding="utf-8"?>
<extension type="module" version="3.1.0" client="site" method="upgrade">
    <name>Export Distributor List</name>
    <author>Jacob Luta</author>
    <version>0.0.1</version>
    <files>
        <filename>mod_export_dist.xml</filename>
        <filename module="mod_export_dist">mod_export_dist.php</filename>
        <filename>index.html</filename>
        <filename>helper.php</filename>
        <filename>tmpl/default.php</filename>
        <filename>tmpl/index.html</filename>
    </files>
    <config>
    </config>
</extension>